id,area,user_story,expected_behavior,status,evidence,repro,risk,fix,reviewer_verdict,last_updated
BENCH-001,repo-cache,"As a benchmark operator I can prepare pinned public repositories offline after one fetch.","The exact Click and Requests commits have complete source blobs and every arm clones the same commit.",Resolved,"Pinned SHAs and red/reference controls passed in /tmp/ctx-ab-adaptive-dryrun-20260720b.","Run --dry-run with an empty cache root.","Partial caches can fail later when a blob is first read.","Use a full mirror and verify or fetch the exact commit before preparing an arm.","Pass: methodology reviewer accepted pinned repositories and evaluator controls.",2026-07-20
BENCH-002,path-isolation,"As an operator I can benchmark without writing ctx state into my normal home directory.","Each run receives an isolated HOME and lifecycle directory while CODEX_HOME is retained only for authentication.",Resolved,"_ctx_env and per-attempt directories; both protocol runs passed.","Run all arms and inspect each attempt home and lifecycle path.","Default user paths can fail or contaminate evidence.","Set HOME TMPDIR and CTX_RUNTIME_LIFECYCLE_DIR per attempt.","Pass: isolated paths and environment allowlist are explicit.",2026-07-20
BENCH-003,recommendations,"As a reviewer I can distinguish recommendation selection and use.","All candidates are persisted; only policy-selected entities load and only trace-proven entities become used.",Resolved,"Dry-run summary recommends skill agent and MCP but ctx-light selects only its skill; lifecycle contains only that skill.","Inspect click ctx-light recommendations.json summary.json and lifecycle/events.jsonl in the adaptive dry run.","Treating every recommendation as selected creates fake lifecycle evidence and needless cost.","Persist recommended_ids selected_ids and used_ids separately and drive lifecycle from selected_items.","Pass after fix: candidate and active-context states no longer conflict.",2026-07-20
BENCH-004,operational-context,"As a reviewer I can prove which skills MCPs and agents were loaded used and unloaded.","Light mode loads one skill; full mode loads all three; MCP and agent use require exact runtime evidence; only loaded entities unload.",Resolved,"21 focused tests plus /tmp/ctx-ab-adaptive-dryrun-20260720c; full MCP preflight passed and lifecycle entity counts match policy.","Run --arm all --dry-run and inspect per-arm lifecycle and recommendation artifacts.","Lifecycle-only claims can misrepresent tools the host never supplied or used.","Require a model turn for light skill use exact MCP arguments/result for MCP use and selected-marker spawn/wait/close for agent use.","Pass for protocol; live full evidence remains tracked by BENCH-011.",2026-07-20
BENCH-005,token-accounting,As a product owner I receive honest time and token KPIs.,"Parent and orchestration totals preserve provider-reported input, cache-read, cache-write, uncached, and output tokens; missing provider usage remains unavailable and completeness is explicit.",Resolved,"Commits 43fda102, 0708979d, 0854ac70, and fc4cf0b9 preserve cumulative usage, cache-read/cache-write detail, history, and failure-as-unavailable behavior; the orchestration checkpoint passed 5140 tests.","Exercise complete, partial, timeout, exception, cache-read, and cache-write provider records, then compare CLI, session history, lifecycle, telemetry, and dashboard totals.",Zero-filling missing usage or dropping cache-write tokens understates cost and invalidates enterprise KPI comparisons.,"Use complete-or-null aggregation, persist tokens_reported and cache fields, and keep unavailable provider failures null across every surface.",Pass for truthful shared usage accounting; production benchmark validity remains tracked separately.,2026-07-25
BENCH-006,fairness,"As a product owner I can compare without-ctx and adaptive ctx behavior on the same task.","Arms share commit model task evaluator timeout isolation and verification; six paired trials alternate baseline-light order and fail when median time or reported-token ratio exceeds 1.10.",Resolved,"Six counterbalanced paired trials in /tmp/ctx-ab-efficiency-gate-20260720a produced 12 of 12 first-attempt passes with no incidents; median time ratio 0.963280 and reported-token ratio 1.012435; the gate passed.","Run --arm both --trials 6 from a clean worktree then inspect performance.json summary.json and incidents.csv.","A functional-only exit can publish an expensive regression as success.","Emit paired cumulative ratios preserve first-attempt quality and enforce the six-trial performance gate.","Pass for the controlled host-preflight methodology; this does not certify default ctx run behavior or real-catalog selection quality.",2026-07-20
BENCH-007,retry-loop,"As an operator I get a durable record of failures and bounded retries.","Failures are logged and later correlated retries resolve them; unresolved incidents fail; light escalates only after a clean model turn and normal verifier exit 1.",Needs Validation,"Unit tests cover correlated resolution and timeout/non-test failure non-escalation; adaptive live recovery evidence is pending.","Inject a normal focused-test failure and a timeout then inspect treatment levels and incident statuses.","Silent retries hide instability and timeout escalation activates unnecessary expensive context.","Resolve prior attempt rows after success reject unresolved rows and gate escalation on exact failure kind.","Review blockers fixed in code; live recovery remains.",2026-07-20
BENCH-008,treatment-overhead,As a ctx user I receive useful context without paying for every available tool.,Host preflight selects at most one bounded skill; MCP and reviewer activate only after explicit evidence; selected context is removed after its useful phase.,Needs Validation,"Commit 89d7fad2 adds the production-ctx-run engine, bounded one-request skill context, exact provider usage, applied lifecycle validation, and fail-closed claim gating; 53 focused tests pass, but fresh paired real-provider KPI evidence is still absent.","Run six counterbalanced production-ctx-run baseline and ctx-light pairs with exact provider usage, then inspect context submission count, applied lifecycle, final empty state, time, quality, and token ratios.","Local-provider and controlled evidence can be mistaken for real-provider efficiency, and a 1.10 ceiling does not prove a speed or token improvement.","Use the shipped production-ctx-run engine with one-request context, exact usage, no retries, applied lifecycle proof, and quality-preserving acceptance thresholds.",Production engine passes review; six paired real-provider trials remain required before an efficiency claim.,2026-07-25
BENCH-009,arm-order,"As a reviewer I get order-balanced results even when scenarios are filtered.","Each six-trial block uses every three-arm permutation once and derives its offset from scenario ID.",Resolved,"test_three_arm_schedule_is_stable_and_counterbalanced passed; dry-run manifest records the actual order.","Compare schedules for the full scenario list and one filtered scenario.","Resetting scenario indexes makes focused pilots baseline-first and biases timing.","Use a stable scenario hash and six fixed permutations.","Pass: filter-invariant and counterbalanced.",2026-07-20
BENCH-010,process-containment,"As an operator I do not retain detached benchmark or verification processes.","Timeout and successful-parent paths terminate marked descendants including children that retain pipes and fail closed when cleanup cannot be verified.",Resolved,"Process-group detached-redirected and detached-inherited-pipe regressions pass; marker cleanup runs in finally and permission failures are contained.","Run both detached descendant regressions and scan recorded PIDs.","Detached children distort elapsed time leak resources or raise before cleanup.","Catch process-group permission failures kill marked descendants before pipe reap and always rescan in finally.","Pass: independent re-review confirmed both containment regressions and no live model dependency remains.",2026-07-20
BENCH-011,runtime-tool-proof,"As a reviewer I can reject an MCP or reviewer claim that used the wrong target or was not closed.","Full treatment passes only with the expected MCP slug type body and a matching selected-marker spawned waited and closed reviewer ID.",Needs Validation,"Unit fixtures reject failed wrong-argument wrong-result unclosed and malicious-review prompts; real MCP protocol preflight passes.","Run one live ctx-full arm and inspect policy_valid tool observations marker and team-token scope.","Tool-name-only evidence can credit the wrong call and completed reviewers can remain allocated.","Bind MCP evidence to exact arguments/result bind agent evidence to selected marker and mark any agent attempt token-incomplete.","Review blocker fixed in code; final live trace pending.",2026-07-20
BENCH-012,run-manifest,"As a reviewer I can reproduce the exact benchmark schedule and repository state.","The manifest records trials retries timeout arm mode filters cache schedule hashes dependencies and clean/dirty state.",Resolved,"Manifest unit test and /tmp/ctx-ab-adaptive-dryrun-20260720b/environment.json contain all declared fields.","Run a dry run from a dirty tree and inspect environment.json.","Missing run parameters or hidden dirty state makes evidence irreproducible.","Persist run_config schedule repository status and tracked-diff hash before trials.","Pass: prior manifest completeness blocker is closed.",2026-07-20
BENCH-013,feature-registry,"As a ctx maintainer I can discover the benchmark from the repository feature inventory.","The benchmark runner has a user story and evidence row in both canonical and published feature trackers.",Resolved,"MAINT-016 exists in qa/feature_status.csv and docs/qa/feature-user-story-status.csv; all 12 feature tracker tests pass.","Run .venv/bin/python -m pytest -q src/tests/test_feature_user_story_tracker.py.","An untracked maintainer surface violates the repository-wide feature audit goal and fails CI.","Add one MAINT-016 row to each approved tracker and retain the benchmark ledger as source evidence.","Pass: canonical and published rows parse with unique IDs and the maintainer-script coverage gate is green.",2026-07-20
BENCH-014,catalog-validity,As a product owner I can distinguish controlled context delivery from real-catalog recommendation quality.,Controlled fixtures prove selection and lifecycle mechanics while a separate benchmark evaluates production-catalog relevance availability and source safety.,Needs Validation,"Commits 3b50bfd6 and 9dec65c7 locally prove an actionable clean-install skill, agent, and MCP pack; df13a637 proves indexed top-50 parity across 8 real queries, but no frozen labeled real-catalog benchmark exists.","Run archive and wheel actionability smokes, then evaluate a frozen representative production-catalog query set for relevance, availability, source safety, language fit, and no-key constraints.","Local actionability and ranking parity can pass while production-catalog recommendations remain irrelevant, unavailable, unsafe, or overly lexical.","Complete independent clean-install and index reviews, then add a versioned frozen real-catalog dataset with labels, thresholds, and reproducible evaluation output.","Keep open: implementation evidence improved, but independent reviews and the frozen real-catalog quality benchmark are still pending.",2026-07-26
BENCH-015,end-to-end-time,"As a product owner I can compare true elapsed development time rather than selected phases.","Total time includes clone preparation ctx setup model work verification artifact checks lifecycle unload and session close while phase times remain visible.",Resolved,"Runner now measures from trial start through lifecycle close and materialization elapsed is included in verification; focused tests and dry run pass.","Compare total_seconds with phase fields and teardown_seconds in an adaptive run.","Excluding ctx teardown or artifact work understates treatment cost.","Measure end-to-end with a monotonic timer and retain setup agent verification and teardown breakdowns.","Reviewer timing gap fixed in code; live values will be captured next.",2026-07-20
BENCH-016,reviewer-order-proof,"As a benchmark reviewer I can trust that a reviewer agent really completed its assigned review.","Full treatment credits reviewer use only when an error-free selected spawn is followed by a completed non-empty wait and close for the same agent in that order.",Resolved,"Adversarial fixtures reject completed calls carrying errors and close-wait-spawn ordering; 21 focused tests pass.","Feed observed_agent_review a completed event with a non-null error or reverse the valid spawn-wait-close events.","Set intersection without ordering can falsely certify failed or impossible reviewer traces.","Track each selected reviewer through an ordered spawn-wait-close state machine and ignore every error-bearing event.","Pass: independent recheck closed the P1 with valid error-stage mismatched-ID reverse-order and success probes.",2026-07-20
BENCH-017,runtime-surface-isolation,"As a ctx user I do not pay prompt or tool overhead for capabilities that were not selected.","Baseline and ctx-light explicitly disable multi-agent and expose no ctx MCP configuration; only ctx-full enables both surfaces.",Resolved,"Command-construction regression checks disable/no-MCP for light and enable/MCP for full; focused gate passes.","Build Codex commands for with_ctx false and true then inspect feature flags and MCP config arguments.","Merely exposing unused agent or MCP schemas can inflate cached context and lets baseline behavior escape the intended policy.","Explicitly disable multi_agent outside full treatment and attach the MCP only to full treatment.","Pass: independent product-path probes confirmed recommendation does not auto-load entities and the old harness forced the expensive surfaces.",2026-07-20
BENCH-018,activation-policy,"As a host integrator I receive a bounded adaptive activation proposal instead of an instruction to load every candidate.","context_policy proposes at most one local directly usable skill for immediate load; active baseline external malformed and expensive candidates stay kept manual or deferred.",Resolved,"Commit 98b3ee7f; 79 adapter tests and the 435-test recommendation/CLI integration slice passed.","Call ctx__recommend_bundle with active baseline external malformed skill agent and MCP rows then inspect keep load deferred and manual.","A naive host can interpret the advisory load list literally and recreate the forced-full slowdown in production.","Load one eligible skill; exclude kept context; defer agents MCPs and secondary skills; fail closed on external or malformed metadata.","Approved after two review rounds and direct adversarial probes.",2026-07-20
BENCH-019,tool-schema-budget,"As a ctx run user I send only the ctx schemas configured for the current stage of work.","Fresh runs default to recommend_bundle plus wiki_get; explicit full or allow patterns expose more; prompts and executors match submitted schemas; legacy and overridden resume settings remain durable.",Resolved,"Commit 743d3f20; default schema payload fell from 13 tools and 12476 bytes to 2 tools and 3660 bytes (70.7 percent); 143 CLI/state and 435 integration tests passed.","Run default full no-ctx MCP-only lifecycle-only legacy resume and full-to-minimal resume probes; compare submitted names prompts execution and session_config.","Repeated unused schemas consume input and cached-context tokens on every model iteration.","Filter schemas before provider submission rebuild instructions from actual definitions preserve legacy full resumes and persist explicit resume overrides.","Approved after three review rounds including exact pre-patch prompt migration.",2026-07-20
BENCH-020,legacy-skill-router,"As a developer I receive a small ranked skill selection rather than a bulk context merge.","The legacy CLI defaults to one installed directly mapped skill; fuzzy and graph entities remain suggestions; always_load and explicit broader caps are deterministic and documented.",Resolved,"Commit bcd2e3a6; 51 resolver tests plus 435 integration tests passed; 20 hash-seed probes selected the same conflict winner.","Run C-language fuzzy unavailable-Docker graph-agent Jest-Vitest conflict invalid-limit and explicit-cap probes.","Bulk or lexical skill injection increases prompt size and can mix conflicting instructions.","Use token-boundary fuzzy matching direct-only single-slot activation deterministic ties and named-selection documentation.","Approved after reviewer reproduced and closed all four findings.",2026-07-20
BENCH-021,adaptive-runtime-context,As a ctx run user I have selected skills MCPs and agents activated and unloaded as task evidence changes without exposing every capability up front.,The host control plane recommends and grants outside model turns; each provider turn receives one bounded ephemeral skill and only active MCP schemas; agents require explicit bounded escalation; unload removes context schemas routes and processes before telemetry records success.,Needs Validation,"Commit 89d7fad2 implements production-ctx-run and its tests reject requested-only evidence, require load_applied -> used -> unload_applied ordering, require session_end and an empty final loaded set, and validate local-provider subprocess parity; real-provider lifecycle evidence remains pending.","Run six real-provider production-ctx-run baseline and ctx-light pairs, reject requested-only lifecycle evidence, and require exact usage, one-shot context, applied ordering, cleanup, session_end, and empty final state.","The shipped controls may still behave differently with a real provider or production catalog; fixture proof cannot establish live efficiency.","Keep the production engine fail closed on incomplete usage or lifecycle evidence and collect the six paired real-provider runs.",Production boundary and local-provider lifecycle proof pass; real-provider KPI and lifecycle evidence remain mandatory.,2026-07-25
"BENCH-022","provenance-attestation","As a benchmark reviewer I can prove which provider, model, ctx runtime, source revision, and treatment produced every scored result.","Completed trials and aggregates fail closed unless exact provider and runtime provenance is present, internally consistent, and bound to the requested arm.","Resolved","Commit a45b6034 and 53 focused benchmark tests cover missing, tampered, mismatched, and valid provenance plus aggregate claim exclusion.","Delete or alter provider, model, executable, package version, source revision, or treatment attestation in a completed trial and validate the run.","Unattested evidence can make a benchmark appear reproducible while measuring a different provider or runtime.","Require exact provenance fields at trial validation and exclude any unverifiable trial from benchmark claims.","Pass: the benchmark evidence reviewer accepted the fail-closed attestation boundary; real-provider efficiency collection remains separately open in BENCH-014 and BENCH-021.","2026-07-27"
